<?xml version="1.0" encoding="utf-8"?>
<resources>
    <string name="app_name">EECS40_Giselle_Assignment4</string>
    <style name="GdxTheme" parent="android:Theme">
		<item name="android:windowBackground">@android:color/transparent</item>
        <item name="android:colorBackgroundCacheHint">@null</item>
        <item name="android:windowAnimationStyle">@android:style/Animation</item>
        <item name="android:windowNoTitle">true</item>
        <item name="android:windowContentOverlay">@null</item>
        <item name="android:windowFullscreen">true</item>
    </style>
</resources>