<?xml version="1.0" encoding="utf-8"?>
<merger version="3"><dataSet config="main"><source path="C:\Users\Burnt Marshmallow\AndroidStudioProjects\EECS40_Giselle_Assignment4\android\libs"><file name="arm64-v8a/libgdx-box2d.so" path="C:\Users\Burnt Marshmallow\AndroidStudioProjects\EECS40_Giselle_Assignment4\android\libs\arm64-v8a\libgdx-box2d.so"/><file name="arm64-v8a/libgdx.so" path="C:\Users\Burnt Marshmallow\AndroidStudioProjects\EECS40_Giselle_Assignment4\android\libs\arm64-v8a\libgdx.so"/><file name="armeabi/libgdx-box2d.so" path="C:\Users\Burnt Marshmallow\AndroidStudioProjects\EECS40_Giselle_Assignment4\android\libs\armeabi\libgdx-box2d.so"/><file name="armeabi/libgdx.so" path="C:\Users\Burnt Marshmallow\AndroidStudioProjects\EECS40_Giselle_Assignment4\android\libs\armeabi\libgdx.so"/><file name="armeabi-v7a/libgdx-box2d.so" path="C:\Users\Burnt Marshmallow\AndroidStudioProjects\EECS40_Giselle_Assignment4\android\libs\armeabi-v7a\libgdx-box2d.so"/><file name="armeabi-v7a/libgdx.so" path="C:\Users\Burnt Marshmallow\AndroidStudioProjects\EECS40_Giselle_Assignment4\android\libs\armeabi-v7a\libgdx.so"/><file name="x86/libgdx-box2d.so" path="C:\Users\Burnt Marshmallow\AndroidStudioProjects\EECS40_Giselle_Assignment4\android\libs\x86\libgdx-box2d.so"/><file name="x86/libgdx.so" path="C:\Users\Burnt Marshmallow\AndroidStudioProjects\EECS40_Giselle_Assignment4\android\libs\x86\libgdx.so"/><file name="x86_64/libgdx-box2d.so" path="C:\Users\Burnt Marshmallow\AndroidStudioProjects\EECS40_Giselle_Assignment4\android\libs\x86_64\libgdx-box2d.so"/><file name="x86_64/libgdx.so" path="C:\Users\Burnt Marshmallow\AndroidStudioProjects\EECS40_Giselle_Assignment4\android\libs\x86_64\libgdx.so"/></source></dataSet><dataSet config="debug"><source path="C:\Users\Burnt Marshmallow\AndroidStudioProjects\EECS40_Giselle_Assignment4\android\src\debug\jniLibs"/></dataSet></merger>