[
    {
        "merged": "C:\\Users\\Burnt Marshmallow\\AndroidStudioProjects\\EECS40_Giselle_Assignment4\\android\\build\\intermediates\\res\\merged\\debug\\drawable-xxhdpi_ic_launcher.png.flat",
        "source": "C:\\Users\\Burnt Marshmallow\\AndroidStudioProjects\\EECS40_Giselle_Assignment4\\android\\res\\drawable-xxhdpi\\ic_launcher.png"
    },
    {
        "merged": "C:\\Users\\Burnt Marshmallow\\AndroidStudioProjects\\EECS40_Giselle_Assignment4\\android\\build\\intermediates\\res\\merged\\debug\\drawable-xhdpi_ic_launcher.png.flat",
        "source": "C:\\Users\\Burnt Marshmallow\\AndroidStudioProjects\\EECS40_Giselle_Assignment4\\android\\res\\drawable-xhdpi\\ic_launcher.png"
    },
    {
        "merged": "C:\\Users\\Burnt Marshmallow\\AndroidStudioProjects\\EECS40_Giselle_Assignment4\\android\\build\\intermediates\\res\\merged\\debug\\drawable-xxxhdpi_ic_launcher.png.flat",
        "source": "C:\\Users\\Burnt Marshmallow\\AndroidStudioProjects\\EECS40_Giselle_Assignment4\\android\\res\\drawable-xxxhdpi\\ic_launcher.png"
    },
    {
        "merged": "C:\\Users\\Burnt Marshmallow\\AndroidStudioProjects\\EECS40_Giselle_Assignment4\\android\\build\\intermediates\\res\\merged\\debug\\drawable-mdpi_ic_launcher.png.flat",
        "source": "C:\\Users\\Burnt Marshmallow\\AndroidStudioProjects\\EECS40_Giselle_Assignment4\\android\\res\\drawable-mdpi\\ic_launcher.png"
    },
    {
        "merged": "C:\\Users\\Burnt Marshmallow\\AndroidStudioProjects\\EECS40_Giselle_Assignment4\\android\\build\\intermediates\\res\\merged\\debug\\drawable-hdpi_ic_launcher.png.flat",
        "source": "C:\\Users\\Burnt Marshmallow\\AndroidStudioProjects\\EECS40_Giselle_Assignment4\\android\\res\\drawable-hdpi\\ic_launcher.png"
    }
]