<?xml version="1.0" encoding="utf-8"?>
<merger version="3"><dataSet config="main"><source path="C:\Users\Burnt Marshmallow\AndroidStudioProjects\EECS40_Giselle_Assignment4\android\assets"><file name="background.png" path="C:\Users\Burnt Marshmallow\AndroidStudioProjects\EECS40_Giselle_Assignment4\android\assets\background.png"/><file name="badlogic.jpg" path="C:\Users\Burnt Marshmallow\AndroidStudioProjects\EECS40_Giselle_Assignment4\android\assets\badlogic.jpg"/><file name="NES - Super Mario Bros - Tileset.png" path="C:\Users\Burnt Marshmallow\AndroidStudioProjects\EECS40_Giselle_Assignment4\android\assets\NES - Super Mario Bros - Tileset.png"/><file name="NES - Super Mario Bros 3 - Stage Tiles.png" path="C:\Users\Burnt Marshmallow\AndroidStudioProjects\EECS40_Giselle_Assignment4\android\assets\NES - Super Mario Bros 3 - Stage Tiles.png"/><file name="NES - Super Mario Bros - Tileset2.png" path="C:\Users\Burnt Marshmallow\AndroidStudioProjects\EECS40_Giselle_Assignment4\android\assets\NES - Super Mario Bros - Tileset2.png"/><file name="SNES - Super Mario World - Cloud Tiles.png" path="C:\Users\Burnt Marshmallow\AndroidStudioProjects\EECS40_Giselle_Assignment4\android\assets\SNES - Super Mario World - Cloud Tiles.png"/><file name="tilesetgutter.png" path="C:\Users\Burnt Marshmallow\AndroidStudioProjects\EECS40_Giselle_Assignment4\android\assets\tilesetgutter.png"/><file name="makio1_1.tmx" path="C:\Users\Burnt Marshmallow\AndroidStudioProjects\EECS40_Giselle_Assignment4\android\assets\makio1_1.tmx"/><file name="NES - Super Mario Bros 3 - Stage Tiles.tsx" path="C:\Users\Burnt Marshmallow\AndroidStudioProjects\EECS40_Giselle_Assignment4\android\assets\NES - Super Mario Bros 3 - Stage Tiles.tsx"/><file name="tilesetgutter.tsx" path="C:\Users\Burnt Marshmallow\AndroidStudioProjects\EECS40_Giselle_Assignment4\android\assets\tilesetgutter.tsx"/><file name="tileset_gutter1.tsx" path="C:\Users\Burnt Marshmallow\AndroidStudioProjects\EECS40_Giselle_Assignment4\android\assets\tileset_gutter1.tsx"/><file name="SNES - Super Mario World - Cloud Tiles.tsx" path="C:\Users\Burnt Marshmallow\AndroidStudioProjects\EECS40_Giselle_Assignment4\android\assets\SNES - Super Mario World - Cloud Tiles.tsx"/><file name="tileset_gutter.png" path="C:\Users\Burnt Marshmallow\AndroidStudioProjects\EECS40_Giselle_Assignment4\android\assets\tileset_gutter.png"/><file name="Markio_FX/big_mario.png" path="C:\Users\Burnt Marshmallow\AndroidStudioProjects\EECS40_Giselle_Assignment4\android\assets\Markio_FX\big_mario.png"/><file name="Markio_FX/turtle.png" path="C:\Users\Burnt Marshmallow\AndroidStudioProjects\EECS40_Giselle_Assignment4\android\assets\Markio_FX\turtle.png"/><file name="Markio_FX/little_mario.png" path="C:\Users\Burnt Marshmallow\AndroidStudioProjects\EECS40_Giselle_Assignment4\android\assets\Markio_FX\little_mario.png"/><file name="Markio_FX/goomba.png" path="C:\Users\Burnt Marshmallow\AndroidStudioProjects\EECS40_Giselle_Assignment4\android\assets\Markio_FX\goomba.png"/><file name="Markio_andEnemies.pack" path="C:\Users\Burnt Marshmallow\AndroidStudioProjects\EECS40_Giselle_Assignment4\android\assets\Markio_andEnemies.pack"/><file name="Markio_andEnemies.png" path="C:\Users\Burnt Marshmallow\AndroidStudioProjects\EECS40_Giselle_Assignment4\android\assets\Markio_andEnemies.png"/><file name="Markio_FX/mushroom.png" path="C:\Users\Burnt Marshmallow\AndroidStudioProjects\EECS40_Giselle_Assignment4\android\assets\Markio_FX\mushroom.png"/></source><source path="C:\Users\Burnt Marshmallow\AndroidStudioProjects\EECS40_Giselle_Assignment4\android\build\generated\assets\shaders\debug"/></dataSet><dataSet config="debug"><source path="C:\Users\Burnt Marshmallow\AndroidStudioProjects\EECS40_Giselle_Assignment4\android\src\debug\assets"/></dataSet></merger>