{
    "logs": [
        {
            "outputFile": "C:\\Users\\Burnt Marshmallow\\AndroidStudioProjects\\EECS40_Giselle_Assignment4\\android\\build\\intermediates\\res\\merged\\debug\\values_values.arsc.flat",
            "map": [
                {
                    "source": "C:\\Users\\Burnt Marshmallow\\AndroidStudioProjects\\EECS40_Giselle_Assignment4\\android\\res\\values\\styles.xml",
                    "from": {
                        "startLines": "2",
                        "startColumns": "4",
                        "startOffsets": "17",
                        "endLines": "9",
                        "endColumns": "12",
                        "endOffsets": "475"
                    },
                    "to": {
                        "startLines": "3",
                        "startColumns": "4",
                        "startOffsets": "119",
                        "endLines": "10",
                        "endColumns": "12",
                        "endOffsets": "577"
                    }
                },
                {
                    "source": "C:\\Users\\Burnt Marshmallow\\AndroidStudioProjects\\EECS40_Giselle_Assignment4\\android\\res\\values\\strings.xml",
                    "from": {
                        "startLines": "3",
                        "startColumns": "4",
                        "startOffsets": "56",
                        "endColumns": "63",
                        "endOffsets": "115"
                    },
                    "to": {
                        "startLines": "2",
                        "startColumns": "4",
                        "startOffsets": "55",
                        "endColumns": "63",
                        "endOffsets": "114"
                    }
                }
            ]
        }
    ]
}