<?xml version="1.0" encoding="utf-8"?>
<merger version="3"><dataSet config="main$Generated" generated="true"><source path="C:\Users\Burnt Marshmallow\AndroidStudioProjects\EECS40_Giselle_Assignment4\android\res"/><source path="C:\Users\Burnt Marshmallow\AndroidStudioProjects\EECS40_Giselle_Assignment4\android\build\generated\res\rs\debug"/><source path="C:\Users\Burnt Marshmallow\AndroidStudioProjects\EECS40_Giselle_Assignment4\android\build\generated\res\resValues\debug"/></dataSet><dataSet config="main" generated-set="main$Generated"><source path="C:\Users\Burnt Marshmallow\AndroidStudioProjects\EECS40_Giselle_Assignment4\android\res"><file name="ic_launcher" path="C:\Users\Burnt Marshmallow\AndroidStudioProjects\EECS40_Giselle_Assignment4\android\res\drawable-hdpi\ic_launcher.png" qualifiers="hdpi-v4" type="drawable"/><file name="ic_launcher" path="C:\Users\Burnt Marshmallow\AndroidStudioProjects\EECS40_Giselle_Assignment4\android\res\drawable-mdpi\ic_launcher.png" qualifiers="mdpi-v4" type="drawable"/><file name="ic_launcher" path="C:\Users\Burnt Marshmallow\AndroidStudioProjects\EECS40_Giselle_Assignment4\android\res\drawable-xhdpi\ic_launcher.png" qualifiers="xhdpi-v4" type="drawable"/><file name="ic_launcher" path="C:\Users\Burnt Marshmallow\AndroidStudioProjects\EECS40_Giselle_Assignment4\android\res\drawable-xxhdpi\ic_launcher.png" qualifiers="xxhdpi-v4" type="drawable"/><file name="ic_launcher" path="C:\Users\Burnt Marshmallow\AndroidStudioProjects\EECS40_Giselle_Assignment4\android\res\drawable-xxxhdpi\ic_launcher.png" qualifiers="xxxhdpi-v4" type="drawable"/><file path="C:\Users\Burnt Marshmallow\AndroidStudioProjects\EECS40_Giselle_Assignment4\android\res\values\strings.xml" qualifiers=""><string name="app_name">EECS40_Giselle_Assignment4</string></file><file path="C:\Users\Burnt Marshmallow\AndroidStudioProjects\EECS40_Giselle_Assignment4\android\res\values\styles.xml" qualifiers=""><style name="GdxTheme" parent="android:Theme">
		<item name="android:windowBackground">@android:color/transparent</item>
        <item name="android:colorBackgroundCacheHint">@null</item>
        <item name="android:windowAnimationStyle">@android:style/Animation</item>
        <item name="android:windowNoTitle">true</item>
        <item name="android:windowContentOverlay">@null</item>
        <item name="android:windowFullscreen">true</item>
    </style></file></source><source path="C:\Users\Burnt Marshmallow\AndroidStudioProjects\EECS40_Giselle_Assignment4\android\build\generated\res\rs\debug"/><source path="C:\Users\Burnt Marshmallow\AndroidStudioProjects\EECS40_Giselle_Assignment4\android\build\generated\res\resValues\debug"/></dataSet><dataSet config="debug$Generated" generated="true"><source path="C:\Users\Burnt Marshmallow\AndroidStudioProjects\EECS40_Giselle_Assignment4\android\src\debug\res"/></dataSet><dataSet config="debug" generated-set="debug$Generated"><source path="C:\Users\Burnt Marshmallow\AndroidStudioProjects\EECS40_Giselle_Assignment4\android\src\debug\res"/></dataSet><mergedItems/></merger>