[{"name":"slice_0","index":1,"scopes":["SUB_PROJECTS","PROJECT"],"types":["DEX"],"format":"DIRECTORY","present":true},{"name":"slice_1","index":2,"scopes":["SUB_PROJECTS","PROJECT"],"types":["DEX"],"format":"DIRECTORY","present":true},{"name":"slice_2","index":3,"scopes":["SUB_PROJECTS","PROJECT"],"types":["DEX"],"format":"DIRECTORY","present":true},{"name":"slice_3","index":4,"scopes":["SUB_PROJECTS","PROJECT"],"types":["DEX"],"format":"DIRECTORY","present":true},{"name":"slice_4","index":5,"scopes":["SUB_PROJECTS","PROJECT"],"types":["DEX"],"format":"DIRECTORY","present":true},{"name":"slice_5","index":6,"scopes":["SUB_PROJECTS","PROJECT"],"types":["DEX"],"format":"DIRECTORY","present":true},{"name":"slice_6","index":7,"scopes":["SUB_PROJECTS","PROJECT"],"types":["DEX"],"format":"DIRECTORY","present":true},{"name":"slice_7","index":8,"scopes":["SUB_PROJECTS","PROJECT"],"types":["DEX"],"format":"DIRECTORY","present":true},{"name":"slice_8","index":9,"scopes":["SUB_PROJECTS","PROJECT"],"types":["DEX"],"format":"DIRECTORY","present":true},{"name":"slice_9","index":10,"scopes":["SUB_PROJECTS","PROJECT"],"types":["DEX"],"format":"DIRECTORY","present":true},{"name":"main","index":11,"scopes":["EXTERNAL_LIBRARIES"],"types":["DEX"],"format":"DIRECTORY","present":true},{"name":"a6d1658857c67db100efa058279c712d0a754827-0","index":12,"scopes":["MAIN_SPLIT"],"types":["DEX"],"format":"DIRECTORY","present":true},{"name":"a6d1658857c67db100efa058279c712d0a754827-1","index":13,"scopes":["MAIN_SPLIT"],"types":["DEX"],"format":"DIRECTORY","present":true},{"name":"a6d1658857c67db100efa058279c712d0a754827-2","index":14,"scopes":["MAIN_SPLIT"],"types":["DEX"],"format":"DIRECTORY","present":true},{"name":"329f7916a2eeb2209552c6157661969ce4ed99cf-0","index":15,"scopes":["MAIN_SPLIT"],"types":["DEX"],"format":"DIRECTORY","present":true},{"name":"externalLibs","index":16,"scopes":["EXTERNAL_LIBRARIES"],"types":["DEX"],"format":"DIRECTORY","present":true}]