[{"name":"com.badlogicgames.gdx:gdx-backend-android:1.9.8","index":0,"scopes":["EXTERNAL_LIBRARIES"],"types":["DEX_ARCHIVE"],"format":"JAR","present":true},{"name":"com.badlogicgames.gdx:gdx-box2d:1.9.8","index":1,"scopes":["EXTERNAL_LIBRARIES"],"types":["DEX_ARCHIVE"],"format":"JAR","present":true},{"name":"com.badlogicgames.gdx:gdx:1.9.8","index":2,"scopes":["EXTERNAL_LIBRARIES"],"types":["DEX_ARCHIVE"],"format":"JAR","present":true},{"name":"a6d1658857c67db100efa058279c712d0a754827-0","index":7,"scopes":["MAIN_SPLIT"],"types":["DEX_ARCHIVE"],"format":"JAR","present":true},{"name":"a6d1658857c67db100efa058279c712d0a754827-1","index":8,"scopes":["MAIN_SPLIT"],"types":["DEX_ARCHIVE"],"format":"JAR","present":true},{"name":"a6d1658857c67db100efa058279c712d0a754827-2","index":9,"scopes":["MAIN_SPLIT"],"types":["DEX_ARCHIVE"],"format":"JAR","present":true},{"name":"329f7916a2eeb2209552c6157661969ce4ed99cf-0","index":10,"scopes":["MAIN_SPLIT"],"types":["DEX_ARCHIVE"],"format":"JAR","present":true},{"name":"slice_0","index":13,"scopes":["SUB_PROJECTS","PROJECT"],"types":["DEX_ARCHIVE"],"format":"DIRECTORY","present":true},{"name":"slice_1","index":14,"scopes":["SUB_PROJECTS","PROJECT"],"types":["DEX_ARCHIVE"],"format":"DIRECTORY","present":true},{"name":"slice_2","index":15,"scopes":["SUB_PROJECTS","PROJECT"],"types":["DEX_ARCHIVE"],"format":"DIRECTORY","present":true},{"name":"slice_3","index":16,"scopes":["SUB_PROJECTS","PROJECT"],"types":["DEX_ARCHIVE"],"format":"DIRECTORY","present":true},{"name":"slice_4","index":17,"scopes":["SUB_PROJECTS","PROJECT"],"types":["DEX_ARCHIVE"],"format":"DIRECTORY","present":true},{"name":"slice_5","index":18,"scopes":["SUB_PROJECTS","PROJECT"],"types":["DEX_ARCHIVE"],"format":"DIRECTORY","present":true},{"name":"slice_6","index":19,"scopes":["SUB_PROJECTS","PROJECT"],"types":["DEX_ARCHIVE"],"format":"DIRECTORY","present":true},{"name":"slice_7","index":20,"scopes":["SUB_PROJECTS","PROJECT"],"types":["DEX_ARCHIVE"],"format":"DIRECTORY","present":true},{"name":"slice_8","index":21,"scopes":["SUB_PROJECTS","PROJECT"],"types":["DEX_ARCHIVE"],"format":"DIRECTORY","present":true},{"name":"slice_9","index":22,"scopes":["SUB_PROJECTS","PROJECT"],"types":["DEX_ARCHIVE"],"format":"DIRECTORY","present":true}]